{"coef_": [[0.6529961225781805, 0.9122905338890813, 1.4018026637030758, 1.5296258591762193, 0.8281732792308236]], "intercept_": [-2.626174227627082]}