{"coef_": [0.33086907863616943, -0.04173065349459648, 0.2667924165725708, 0.16403208673000336, 0.2730487585067749], "intercept_": -0.015398502349853516}